{
  "metadata": {
    "source": "creditcard.csv",
    "rows": 284807,
    "columns": 31,
    "fraud_rate": 0.001727485630620034,
    "generated_by": "eda_baseline.py"
  },
  "column_stats": {
    "Time": {
      "mean": 94813.859575,
      "std": 47488.145955,
      "min": 0.0,
      "max": 172792.0,
      "median": 84692.0,
      "q25": 54201.5,
      "q75": 139320.5,
      "skewness": -0.035568,
      "kurtosis": -1.29353
    },
    "V1": {
      "mean": 0.0,
      "std": 1.958696,
      "min": -56.40751,
      "max": 2.45493,
      "median": 0.018109,
      "q25": -0.920373,
      "q75": 1.315642,
      "skewness": -3.280667,
      "kurtosis": 32.486679
    },
    "V2": {
      "mean": 0.0,
      "std": 1.651309,
      "min": -72.715728,
      "max": 22.057729,
      "median": 0.065486,
      "q25": -0.59855,
      "q75": 0.803724,
      "skewness": -4.624866,
      "kurtosis": 95.773106
    },
    "V3": {
      "mean": -0.0,
      "std": 1.516255,
      "min": -48.325589,
      "max": 9.382558,
      "median": 0.179846,
      "q25": -0.890365,
      "q75": 1.027196,
      "skewness": -2.240155,
      "kurtosis": 26.619551
    },
    "V4": {
      "mean": 0.0,
      "std": 1.415869,
      "min": -5.683171,
      "max": 16.875344,
      "median": -0.019847,
      "q25": -0.84864,
      "q75": 0.743341,
      "skewness": 0.676292,
      "kurtosis": 2.635455
    },
    "V5": {
      "mean": 0.0,
      "std": 1.380247,
      "min": -113.743307,
      "max": 34.801666,
      "median": -0.054336,
      "q25": -0.691597,
      "q75": 0.611926,
      "skewness": -2.425901,
      "kurtosis": 206.90456
    },
    "V6": {
      "mean": 0.0,
      "std": 1.332271,
      "min": -26.160506,
      "max": 73.301626,
      "median": -0.274187,
      "q25": -0.768296,
      "q75": 0.398565,
      "skewness": 1.826581,
      "kurtosis": 42.642494
    },
    "V7": {
      "mean": -0.0,
      "std": 1.237094,
      "min": -43.557242,
      "max": 120.589494,
      "median": 0.040103,
      "q25": -0.554076,
      "q75": 0.570436,
      "skewness": 2.553907,
      "kurtosis": 405.607417
    },
    "V8": {
      "mean": 0.0,
      "std": 1.194353,
      "min": -73.216718,
      "max": 20.007208,
      "median": 0.022358,
      "q25": -0.20863,
      "q75": 0.327346,
      "skewness": -8.521944,
      "kurtosis": 220.586974
    },
    "V9": {
      "mean": -0.0,
      "std": 1.098632,
      "min": -13.434066,
      "max": 15.594995,
      "median": -0.051429,
      "q25": -0.643098,
      "q75": 0.597139,
      "skewness": 0.55468,
      "kurtosis": 3.731311
    },
    "V10": {
      "mean": 0.0,
      "std": 1.08885,
      "min": -24.588262,
      "max": 23.745136,
      "median": -0.092917,
      "q25": -0.535426,
      "q75": 0.453923,
      "skewness": 1.187141,
      "kurtosis": 31.988239
    },
    "V11": {
      "mean": 0.0,
      "std": 1.020713,
      "min": -4.797473,
      "max": 12.018913,
      "median": -0.032757,
      "q25": -0.762494,
      "q75": 0.739593,
      "skewness": 0.356506,
      "kurtosis": 1.633921
    },
    "V12": {
      "mean": -0.0,
      "std": 0.999201,
      "min": -18.683715,
      "max": 7.848392,
      "median": 0.140033,
      "q25": -0.405571,
      "q75": 0.618238,
      "skewness": -2.278401,
      "kurtosis": 20.24187
    },
    "V13": {
      "mean": 0.0,
      "std": 0.995274,
      "min": -5.791881,
      "max": 7.126883,
      "median": -0.013568,
      "q25": -0.648539,
      "q75": 0.662505,
      "skewness": 0.065233,
      "kurtosis": 0.1953
    },
    "V14": {
      "mean": 0.0,
      "std": 0.958596,
      "min": -19.214325,
      "max": 10.526766,
      "median": 0.050601,
      "q25": -0.425574,
      "q75": 0.49315,
      "skewness": -1.995176,
      "kurtosis": 23.879462
    },
    "V15": {
      "mean": 0.0,
      "std": 0.915316,
      "min": -4.498945,
      "max": 8.877742,
      "median": 0.048072,
      "q25": -0.582884,
      "q75": 0.648821,
      "skewness": -0.308423,
      "kurtosis": 0.284769
    },
    "V16": {
      "mean": 0.0,
      "std": 0.876253,
      "min": -14.129855,
      "max": 17.315112,
      "median": 0.066413,
      "q25": -0.468037,
      "q75": 0.523296,
      "skewness": -1.100966,
      "kurtosis": 10.419131
    },
    "V17": {
      "mean": -0.0,
      "std": 0.849337,
      "min": -25.162799,
      "max": 9.253526,
      "median": -0.065676,
      "q25": -0.483748,
      "q75": 0.399675,
      "skewness": -3.844914,
      "kurtosis": 94.799719
    },
    "V18": {
      "mean": 0.0,
      "std": 0.838176,
      "min": -9.498746,
      "max": 5.041069,
      "median": -0.003636,
      "q25": -0.49885,
      "q75": 0.500807,
      "skewness": -0.25988,
      "kurtosis": 2.578341
    },
    "V19": {
      "mean": 0.0,
      "std": 0.814041,
      "min": -7.213527,
      "max": 5.591971,
      "median": 0.003735,
      "q25": -0.456299,
      "q75": 0.458949,
      "skewness": 0.109192,
      "kurtosis": 1.72497
    },
    "V20": {
      "mean": 0.0,
      "std": 0.770925,
      "min": -54.49772,
      "max": 39.420904,
      "median": -0.062481,
      "q25": -0.211721,
      "q75": 0.133041,
      "skewness": -2.037155,
      "kurtosis": 271.016113
    },
    "V21": {
      "mean": 0.0,
      "std": 0.734524,
      "min": -34.830382,
      "max": 27.202839,
      "median": -0.02945,
      "q25": -0.228395,
      "q75": 0.186377,
      "skewness": 3.592991,
      "kurtosis": 207.28704
    },
    "V22": {
      "mean": -0.0,
      "std": 0.725702,
      "min": -10.933144,
      "max": 10.50309,
      "median": 0.006782,
      "q25": -0.54235,
      "q75": 0.528554,
      "skewness": -0.213258,
      "kurtosis": 2.832967
    },
    "V23": {
      "mean": 0.0,
      "std": 0.62446,
      "min": -44.807735,
      "max": 22.528412,
      "median": -0.011193,
      "q25": -0.161846,
      "q75": 0.147642,
      "skewness": -5.87514,
      "kurtosis": 440.088659
    },
    "V24": {
      "mean": 0.0,
      "std": 0.605647,
      "min": -2.836627,
      "max": 4.584549,
      "median": 0.040976,
      "q25": -0.354586,
      "q75": 0.439527,
      "skewness": -0.552499,
      "kurtosis": 0.618871
    },
    "V25": {
      "mean": 0.0,
      "std": 0.521278,
      "min": -10.295397,
      "max": 7.519589,
      "median": 0.016594,
      "q25": -0.317145,
      "q75": 0.350716,
      "skewness": -0.415793,
      "kurtosis": 4.290412
    },
    "V26": {
      "mean": 0.0,
      "std": 0.482227,
      "min": -2.604551,
      "max": 3.517346,
      "median": -0.052139,
      "q25": -0.326984,
      "q75": 0.240952,
      "skewness": 0.576693,
      "kurtosis": 0.919006
    },
    "V27": {
      "mean": -0.0,
      "std": 0.403632,
      "min": -22.565679,
      "max": 31.612198,
      "median": 0.001342,
      "q25": -0.07084,
      "q75": 0.091045,
      "skewness": -1.170209,
      "kurtosis": 244.989241
    },
    "V28": {
      "mean": -0.0,
      "std": 0.330083,
      "min": -15.430084,
      "max": 33.847808,
      "median": 0.011244,
      "q25": -0.05296,
      "q75": 0.07828,
      "skewness": 11.192091,
      "kurtosis": 933.397502
    },
    "Amount": {
      "mean": 88.349619,
      "std": 250.120109,
      "min": 0.0,
      "max": 25691.16,
      "median": 22.0,
      "q25": 5.6,
      "q75": 77.165,
      "skewness": 16.977724,
      "kurtosis": 845.092646
    },
    "Class": {
      "mean": 0.001727,
      "std": 0.041527,
      "min": 0.0,
      "max": 1.0,
      "median": 0.0,
      "q25": 0.0,
      "q75": 0.0,
      "skewness": 23.997579,
      "kurtosis": 573.887843
    }
  },
  "correlations": {
    "class_correlations": {
      "V17": -0.326481,
      "V14": -0.302544,
      "V12": -0.260593,
      "V10": -0.216883,
      "V16": -0.196539,
      "V3": -0.192961,
      "V7": -0.187257,
      "V18": -0.111485,
      "V1": -0.101347,
      "V9": -0.097733,
      "V5": -0.094974,
      "V6": -0.043643,
      "Time": -0.012323,
      "V24": -0.007221,
      "V13": -0.00457,